strike,lastPrice,bid,ask,change,percentChange,volume,openInterest,impliedVolatility,moneyness,iv_oi_ratio,volume_oi_ratio,mid_price,time_to_expiry,price_residual,is_mispriced
205.0,1.49,1.46,1.49,-4.66,-75.77236,15843.0,3737,0.4643608251953125,0.0022489817589056,0.0001242603221709,4.239496911320586,1.475,-0.0027397260273972,393.15344,False
207.5,0.53,0.51,0.53,-4.17,-88.72341,35832.0,10108,0.4130918066406249,0.014471530316941,4.086780829362355e-05,3.544914915369099,0.52,-0.0027397260273972,912.98926,False
210.0,0.17,0.17,0.18,-3.33,-94.871796,56444.0,24958,0.4130918066406249,0.0266940788749764,1.6551478743293138e-05,2.2615594189191603,0.175,-0.0027397260273972,1579.757,False
212.5,0.07,0.07,0.08,-2.44,-96.8254,38424.0,13058,0.45117736328125,0.0389166274330119,3.455179682460806e-05,2.942563943220582,0.075,-0.0027397260273972,1013.81146,False
215.0,0.03,0.03,0.04,-1.6700001,-97.66082,39593.0,31134,0.492192578125,0.0511391759910473,1.580884492731135e-05,1.2716965371389168,0.035,-0.0027397260273972,1323.352,False
217.5,0.02,0.02,0.03,-1.13,-98.26087,16351.0,15053,0.5468795312500001,0.0633617245490827,3.633026844394456e-05,1.086228658017519,0.025,-0.0027397260273972,581.8807,False
220.0,0.01,0.01,0.02,-0.79,-97.53086,24719.0,32075,0.5937540625000001,0.0755842731071182,1.851142828729184e-05,0.7706625095025215,0.015,-0.0027397260273972,1026.0009,False
222.5,0.01,0.01,0.02,-0.52,-98.11321,7240.0,13313,0.6718782812500002,0.0878068216651536,5.0467834503517e-05,0.5438293393346133,0.015,-0.0027397260273972,363.26175,False
