contractSymbol,lastTradeDate,strike,lastPrice,bid,ask,change,percentChange,volume,openInterest,impliedVolatility,inTheMoney
AAPL250801C00205000,2025-08-01 14:30:41+00:00,205.0,1.49,1.46,1.49,-4.66,-75.77236,15843.0,3737,0.4643608251953125,False
AAPL250801C00207500,2025-08-01 14:30:33+00:00,207.5,0.53,0.51,0.53,-4.17,-88.72341,35832.0,10108,0.41309180664062495,False
AAPL250801C00210000,2025-08-01 14:30:33+00:00,210.0,0.17,0.17,0.18,-3.33,-94.871796,56444.0,24958,0.41309180664062495,False
AAPL250801C00212500,2025-08-01 14:30:30+00:00,212.5,0.07,0.07,0.08,-2.44,-96.8254,38424.0,13058,0.45117736328125,False
AAPL250801C00215000,2025-08-01 14:30:18+00:00,215.0,0.03,0.03,0.04,-1.6700001,-97.66082,39593.0,31134,0.49219257812500006,False
AAPL250801C00217500,2025-08-01 14:29:37+00:00,217.5,0.02,0.02,0.03,-1.13,-98.26087,16351.0,15053,0.5468795312500001,False
AAPL250801C00220000,2025-08-01 14:30:01+00:00,220.0,0.01,0.01,0.02,-0.79,-97.53086,24719.0,32075,0.5937540625000001,False
AAPL250801C00222500,2025-08-01 14:30:04+00:00,222.5,0.01,0.01,0.02,-0.52,-98.11321,7240.0,13313,0.6718782812500002,False
